,G,T1,T2,T3,T4,T5,T6,T7,T8,T9
0,46.643.700.787.401.500,400.0,3.983.025.578,3.968.496.787,3.956.347.286,39.465.052,3.938.911.567,393.352.043,393.029.891,3.929.227.264
1,7.894.173.228.346.450,400.0,4.020.699.525,4.038.297.785,4.052.957.774,4.064.797.818,4.073.912.042,4.080.372.052,4.084.228.165,4.085.510.237
2,618.755.905.511.811,400.0,4.000.439.482,4.000.798.806,4.001.098.757,4.001.341.403,4.001.528.415,4.001.661.083,400.174.032,4.001.766.672
3,3.338.267.716.535.430,400.0,396.835.856,3.941.241.355,3.918.531.771,3.900.113.531,3.885.890.059,3.875.785.331,3.869.744.547,3.867.734.637
4,523.496.062.992.126,400.0,3.989.476.673,3.980.470.748,397.294.456,3.966.850.886,3.962.151.199,3.958.815.597,3.956.822.753,3.956.159.891
5,720.755.905.511.811,400.0,4.012.451.144,4.023.041.922,4.031.871.894,4.039.008.054,4.044.504.047,4.048.400.895,4.050.727.533,4.051.501.175
6,10.003.149.606.299.200,400.0,3.943.569.247,3.895.080.196,3.854.374.312,3.821.295.298,37.957.105,3.777.513.634,3.766.627.059,3.763.003.492
7,691.007.874.015.748,400.0,4.008.918.375,4.016.503.243,402.282.935,4.027.943.392,403.188.287,4.034.676.522,4.036.344.655,4.036.899.361
8,1.591.732.283.464.560,400.0,3.949.714.682,3.906.534.622,3.870.306.988,3.840.881.472,3.818.131.194,3.801.954.952,3.792.279.067,3.789.058.776
9,269.996.062.992.126,400.0,3.961.457.588,392.840.256,3.900.701.441,3.878.222.509,3.860.855.707,3.848.513.981,3.841.134.355,3.838.678.729
10,9.426.811.023.622.040,400.0,4.039.596.526,4.073.191.017,4.101.121.998,4.123.646.537,4.140.966.099,4.153.232.181,416.055.034,4.162.982.864
11,4.572.677.165.354.330,400.0,3.981.996.852,3.966.586.555,3.953.698.577,3.943.257.403,3.935.201.032,3.929.481.108,3.926.063.016,3.924.925.963
12,9.785.157.480.314.960,400.0,404.411.357,4.081.519.598,4.112.605.043,4.137.664.552,415.692.823,4.170.568.644,4.178.705.791,4.181.410.387
13,8.011.889.763.779.520,400.0,4.022.127.018,4.040.936.473,4.056.603.133,406.925.477,4.078.992.912,4.085.894.725,4.090.014.397,4.091.384.071
14,2.985.196.850.393.700,400.0,3.964.528.813,3.934.117.518,3.908.639.628,3.887.969.871,3.872.003.862,3.860.659.205,3.853.876.393,3.851.619.465
15,3.273.740.157.480.310,400.0,3.967.656.296,3.939.935.268,3.916.718.392,3.897.887.663,3.883.345.013,38.730.132,3.866.836.532,3.864.781.389
16,4.312.047.244.094.480,400.0,3.979.084.708,3.961.177.842,3.946.197.556,3.934.058.468,3.924.690.306,3.918.038.154,3.914.062.645,3.912.740.107
17,8.598.070.866.141.730,400.0,4.029.294.212,4.054.177.917,4.074.888.617,4.091.604.065,4.104.464.694,4.113.576.777,4.119.014.696,4.120.822.478
18,21.014.566.929.133.800,400.0,3.955.078.596,3.916.526.675,3.884.198.833,3.857.952.066,3.837.666.231,3.823.245.865,3.814.621.672,3.811.751.633
19,47.362.992.125.984.200,400.0,3.983.834.104,3.969.997.977,3.958.428.648,3.949.057.155,3.941.826.968,3.936.694.047,39.336.269,3.932.606.618
20,5.538.188.976.377.950,400.0,3.992.939.969,3.986.895.414,3.981.845.791,3.977.758.435,3.974.606.771,3.972.370.222,3.971.034.138,397.058.975
21,8.781.377.952.755.900,400.0,4.031.555.761,4.058.353.724,4.080.652.464,4.098.646.382,4.112.488.797,4.122.295.569,412.814.771,4.130.093.138
22,6.308.031.496.062.990,400.0,4.001.843.335,4.003.400.073,4.004.699.398,4.005.750.371,400.656.031,400.713.485,4.007.477.985,4.007.592.099
23,7.992.952.755.905.510,400.0,4.021.897.112,4.040.511.529,4.056.016.104,406.853.708,4.078.174.781,4.085.005.475,4.089.082.722,4.090.438.295
24,8.450.511.811.023.620,400.0,4.027.480.744,4.050.828.621,4.070.264.684,4.085.953.636,4.098.025.793,4.106.579.875,411.168.504,4.113.382.242
25,9.497.165.354.330.700,400.0,4.040.480.369,4.074.821.028,410.336.978,4.126.390.909,4.144.091.394,4.156.626.798,4.164.105.465,4.166.591.313
26,5.194.251.968.503.930,400.0,398.901.358,3.979.611.486,3.971.753.854,3.965.391.587,396.048.461,3.957.001.811,3.954.920.998,395.422.887
27,2.688.149.606.299.210,400.0,3.961.330.851,3.928.166.686,3.900.373.763,3.877.820.105,3.860.395.433,384.801.251,3.840.608.221,3.838.144.385
28,9.600.944.881.889.760,400.0,4.041.786.787,4.077.230.036,4.106.691.439,413.044.607,4.148.709.138,4.161.642.265,4.169.357.951,4.171.922.539
29,6.848.031.496.062.990,400.0,4.008.184.613,4.015.144.805,402.095.034,4.025.643.826,4.029.259.499,4.031.823.609,4.033.354.711,4.033.863.855
30,9.995.787.401.574.800,400.0,4.046.786.371,4.086.445.514,4.119.394.258,4.145.950.296,4.166.361.219,4.180.812.409,4.189.432.623,4.192.297.683
31,7.618.110.236.220.470,400.0,4.017.367.218,4.032.136.314,404.444.372,4.054.386.353,4.062.041.517,4.067.468.143,4.070.707.704,4.071.784.835
32,7.855.748.031.496.060,400.0,4.020.234.411,4.037.437.934,4.051.769.777,4.063.345.226,4.072.256.017,4.078.571.963,4.082.342.128,4.083.595.633
33,5.057.244.094.488.180,400.0,3.987.458.227,3.976.725.219,3.967.753.892,3.960.488.968,3.954.885.269,3.950.907.686,3.948.531.154,3.947.740.646
34,8.162.047.244.094.480,400.0,4.023.953.624,4.044.312.243,4.061.266.038,4.074.955.116,4.085.490.641,4.092.957.012,4.097.413.446,4.098.895.048
35,8.830.787.401.574.800,400.0,4.032.167.012,4.059.482.162,4.082.209.822,4.100.548.969,4.114.656.455,4.124.650.762,4.130.614.717,4.132.597.299
36,6.669.685.039.370.070,400.0,4.006.081.425,4.011.250.446,4.015.562.881,4.019.049.857,4.021.736.426,4.023.641.822,4.024.779.654,4.025.158.034
37,720.507.874.015.748,400.0,4.012.421.587,4.022.987.227,4.031.796.268,4.038.915.528,4.044.398.516,4.048.286.147,4.050.607.284,4.051.379.098
38,7.861.141.732.283.460,400.0,4.020.299.673,4.037.558.586,4.051.936.478,4.063.549.057,4.072.488.398,4.078.824.561,4.082.606.788,4.083.864.302
39,873.996.062.992.126,400.0,4.031.043.926,4.057.408.755,4.079.348.239,4.097.052.973,4.110.673.337,4.120.323.001,4.126.081.468,4.127.995.769
40,13.565.748.031.496.000,400.0,3.947.261.169,3.901.962.367,3.863.948.133,3.833.065.464,3.809.184.931,3.792.203.109,3.782.044.603,3.778.663.561
41,4.574.330.708.661.410,400.0,3.982.015.384,3.966.620.969,3.953.746.297,3.943.315.919,3.935.267.887,3.929.553.889,3.926.139.339,3.925.003.466
42,2.280.748.031.496.060,400.0,3.956.980.307,3.920.067.937,3.889.120.685,3.863.998.613,3.844.584.348,3.830.784.753,3.822.532.292,381.978.604
43,6.625.354.330.708.660,400.0,4.005.560.003,4.010.284.808,4.014.226.851,4.017.414.465,4.019.870.466,4.021.612.376,4.022.652.596,4.022.998.517
44,5.006.771.653.543.300,400.0,3.986.886.497,3.975.664.132,396.628.323,3.958.686.287,3.952.826.283,3.948.666.664,3.946.181.329,3.945.354.622
45,20.714.566.929.133.800,400.0,3.954.761.158,3.915.935.491,3.883.377.092,3.856.942.471,383.651.104,3.821.986.964,3.813.300.662,3.810.409.941
46,13.315.748.031.496.000,400.0,394.700.111,3.901.477.667,386.327.396,3.832.236.726,3.808.236.282,3.791.168.984,3.780.959.264,3.777.561.165
47,10.853.543.307.086.600,400.0,3.944.447.774,3.896.718.097,3.856.653.069,3.824.097.097,3.798.918.226,3.781.010.801,3.770.297.676,376.673.189
48,7.460.944.881.889.760,400.0,4.015.479.692,4.028.645.159,4.039.618.351,4.048.484.463,4.055.311.552,4.060.151.561,4.063.041.077,4.064.001.845
49,7.804.094.488.188.970,400.0,4.019.609.834,4.036.283.209,4.050.174.291,4.061.394.305,4.070.031.806,4.076.154.208,4.079.808.904,4.081.024.027
50,7.454.606.299.212.590,400.0,4.015.403.712,4.028.504.611,4.039.424.071,4.048.246.822,4.055.040.554,405.985.693,4.062.732.343,4.063.688.423
51,3.371.338.582.677.160,400.0,3.968.718.882,3.941.911.453,3.919.462.094,390.125.543,3.887.195.664,38.772.074,3.871.236.305,3.869.249.592
52,7.929.212.598.425.190,400.0,402.112.402,4.039.082.502,4.054.041.917,4.066.123.381,407.542.321,4.082.014.655,4.085.949.177,4.087.257.311
53,9.418.582.677.165.350,400.0,4.039.493.251,4.073.000.541,410.085.932,4.123.325.815,414.060.085,415.283.545,4.160.134.845,4.162.561.135
54,18.681.889.763.779.500,400.0,3.952.616.082,39.119.401,3.877.822.952,3.850.118.037,3.828.701.922,3.813.476.357,3.804.369.928,3.801.339.294
55,5.527.086.614.173.220,400.0,3.992.812.733,3.986.659.427,3.981.518.886,3.977.357.896,3.974.149.429,3.971.872.558,3.970.512.381,3.970.059.979
56,8.262.795.275.590.550,400.0,4.025.182.787,4.046.583.449,4.064.402.759,4.078.789.278,4.089.860.765,4.097.706.556,4.102.389.297,4.103.946.111
57,7.956.496.062.992.120,400.0,4.021.454.795,4.039.693.941,4.054.886.632,4.067.156.172,4.076.600.587,4.083.294.415,4.087.290.016,4.088.618.451
58,8.446.535.433.070.860,400.0,4.027.431.962,4.050.738.515,4.070.140.275,4.085.801.598,409.785.253,4.106.391.591,4.111.487.797,4.113.182.022
59,8.081.417.322.834.640,400.0,4.022.971.995,4.042.498.178,4.058.760.397,4.071.892.097,408.199.924,4.089.162.321,4.093.437.845,4.094.859.319
60,10.627.952.755.905.500,400.0,3.944.214.554,3.896.283.301,3.856.048.168,3.823.353.369,3.798.066.761,3.780.082.518,376.932.336,3.765.742.239
61,20.183.464.566.929.100,400.0,3.954.199.719,3.914.889.847,3.881.923.602,385.515.665,3.834.467.634,3.819.760.067,3.810.963.877,3.808.036.561
62,17.673.228.346.456.600,400.0,3.951.555.361,3.909.964.096,3.875.075.662,3.846.742.036,382.483.847,3.809.265.594,3.799.951.137,3.796.851.222
63,8.310.629.921.259.840,400.0,4.025.767.403,4.047.663.563,4.065.894.352,40.806.124,4.091.938.628,4.099.964.742,4.104.755.032,410.634.759
64,9.189.724.409.448.810,400.0,4.036.628.776,4.067.716.479,40.935.712,4.114.426.246,4.130.464.889,4.141.825.193,414.860.348,4.150.856.639
65,5.171.929.133.858.260,400.0,3.988.759.827,3.979.140.631,3.971.101.354,3.964.591.878,3.959.571.286,3.956.007.806,3.953.878.775,3.953.170.606
66,9.344.606.299.212.590,400.0,4.038.565.654,4.071.289.622,4.098.499.734,412.044.472,4.137.319.669,4.149.271.376,4.156.402.167,4.158.772.442
67,7.030.354.330.708.660,400.0,4.010.343.768,4.019.141.785,402.647.864,4.032.409.099,4.036.977.089,4.040.216.246,404.215.032,4.042.793.446
68,6.845.787.401.574.800,400.0,4.008.158.095,4.015.095.708,4.020.882.426,402.556.071,4.029.164.677,4.031.720.489,4.033.246.636,4.033.754.133
69,36.669.291.338.582.600,400.0,3.971.951.745,3.947.922.516,3.927.806.159,3.911.495.804,3.898.902.959,3.889.958.133,3.884.611.332,388.283.242
70,7.623.661.417.322.830,400.0,4.017.434.013,4.032.259.845,4.044.614.443,4.054.595.149,4.062.279.595,4.067.726.964,4.070.978.901,4.072.060.146
71,9.543.307.086.614.170,400.0,4.041.060.827,407.589.143,4.104.845.755,4.128.192.864,4.146.143.381,4.158.855.552,4.166.439.563,4.168.960.408
72,31.677.952.755.905.500,400.0,396.650.555,3.937.794.872,3.913.746.411,3.894.239.406,3.879.173.399,3.868.469.207,3.862.069.699,3.859.940.375
73,10.331.102.362.204.700,400.0,3.943.907.847,3.895.711.488,3.855.252.628,3.822.375.232,3.796.946.914,3.778.861.627,3.768.041.917,3.764.440.624
74,6.724.488.188.976.370,400.0,4.006.726.771,40.124.455,4.017.216.235,4.021.073.587,4.024.045.398,4.026.153.038,4.027.411.619,4.027.830.149
75,5.491.850.393.700.780,400.0,3.992.409.133,398.591.084,3.980.481.872,3.976.087.272,397.269.859,3.970.293.787,3.968.857.168,3.968.379.338
76,5.124.566.929.133.850,400.0,3.988.221.876,3.978.142.385,3.969.717.958,3.962.896.327,3.957.634.805,395.390.023,3.951.668.941,3.950.926.753
77,6.283.070.866.141.730,400.0,4.001.552.147,4.002.860.552,400.395.264,4.004.836.006,4.005.516.791,4.005.999.719,4.006.288.144,4.006.384.063
78,5.086.929.133.858.260,400.0,39.877.948,3.977.349.839,3.968.619.577,3.961.550.057,3.956.097.194,3.952.226.733,3.949.914.228,3.949.145.021
79,48.011.023.622.047.200,400.0,3.984.563.687,3.971.352.479,3.960.306.497,3.951.359.454,3.944.457.044,3.939.556.982,3.936.629.041,3.935.655.076
80,8.311.535.433.070.860,400.0,4.025.778.476,404.768.402,4.065.922.603,4.080.646.928,409.197.798,4.100.007.509,4.104.799.835,410.639.307
81,33.857.086.614.173.200,400.0,3.968.875.536,3.942.202.778,3.919.866.543,3.901.751.851,3.887.763.244,3.877.825.604,38.718.848,3.869.908.171
82,2.528.307.086.614.170,400.0,395.961.906,3.924.980.537,3.895.947.168,3.872.383.685,3.854.176.891,3.841.237.133,3.833.499.489,383.092.466
83,464.003.937.007.874,400.0,3.982.752.392,3.967.989.532,3.955.643.956,3.945.642.813,393.792.633,3.932.447.908,3.929.174.204,3.928.085.195
84,2.069.448.818.897.630,400.0,3.954.739.919,3.915.895.937,3.883.322.112,3.856.874.922,3.836.433.749,3.821.902.733,3.813.212.275,381.032.017
85,1.975.511.811.023.620,400.0,3.953.747.406,3.914.047.397,3.880.752.511,3.853.717.745,3.832.821.138,3.817.965.687,3.809.080.929,3.806.124.118
86,6.485.669.291.338.580,400.0,400.392.054,4.007.248.246,4.010.025.113,4.012.270.837,4.014.001.301,4.015.228.714,4.015.961.725,401.620.549
87,4.163.976.377.952.750,400.0,3.977.438.069,3.958.118.777,394.195.424,3.928.853.781,3.918.742.664,391.156.242,39.072.711,3.905.843.468
88,723.751.968.503.937,400.0,4.012.808.308,4.023.702.832,4.032.785.717,4.040.126.066,4.045.779.195,4.049.787.396,4.052.180.495,4.052.976.232
89,9.459.881.889.763.770,400.0,4.040.011.805,407.395.691,4.102.178.188,4.124.936.088,414.243.466,415.482.731,41.622.209,4.164.678.484
90,7.931.732.283.464.560,400.0,4.021.154.559,4.039.138.954,4.054.119.908,4.066.218.738,4.075.531.918,4.082.132.816,4.086.072.978,4.087.382.987
91,5.454.527.559.055.110,400.0,3.991.981.995,3.985.118.556,397.938.428,3.974.742.384,3.971.162.918,3.968.622.674,3.967.105.126,3.966.600.374
92,6.645.984.251.968.500,400.0,4.005.802.587,4.010.734.064,4.014.848.438,4.018.175.338,4.020.738.618,4.022.556.597,4.023.642.235,4.024.003.258
93,1.276.771.653.543.300,400.0,3.946.431.547,3.900.416.071,3.861.797.329,38.304.215,3.806.158.363,3.788.903.803,3.778.581.883,3.775.146.409
94,6.137.598.425.196.850,400.0,3.999.858.453,3.999.722.063,3.999.608.203,3.999.516.092,3.999.445.097,3.999.394.731,399.936.465,3.999.354.645
95,9.536.102.362.204.720,400.0,4.040.970.151,4.075.724.223,4.104.615.199,4.127.911.393,4.145.822.858,4.158.507.421,416.607.498,4.168.590.359
96,7.829.803.149.606.290,400.0,40.199.206,4.036.857.767,4.050.968.172,4.062.365.054,4.071.138.551,4.077.357.265,4.081.069.422,4.082.303.645
97,28.979.921.259.842.500,400.0,3.963.587.707,3.932.366.495,390.620.765,3.884.983.853,3.868.588.922,3.856.938.993,3.849.973.467,384.765.571
98,8.101.614.173.228.340,400.0,4.023.217.708,4.042.952.279,4.059.387.637,4.072.658.888,4.082.873.289,409.011.231,4.094.433.133,4.095.869.663
99,4.401.299.212.598.420,400.0,3.980.079.981,3.963.026.554,3.948.761.648,3.937.203.181,3.928.283.655,3.921.950.355,3.918.165.511,3.916.906.421
100,6.616.338.582.677.160,400.0,4.005.454.025,4.010.088.537,4.013.955.287,4.017.082.044,4.019.491.172,4.021.199.845,402.222.022,4.022.559.542
101,1.012.755.905.511.810,400.0,3.943.697.666,3.895.319.625,3.854.707.431,3.821.704.888,3.796.179.441,3.778.024.897,3.767.163.683,3.763.548.564
102,21.279.133.858.267.700,400.0,3.955.358.724,3.917.048.357,3.884.923.947,3.858.842.927,3.838.685.549,3.824.356.683,3.815.787.284,3.812.935.492
103,2.824.212.598.425.190,400.0,3.962.792.962,3.930.887.659,3.904.153.553,3.882.461.646,386.570.428,3.853.796.379,384.667.644,3.844.307.274
104,18.077.559.055.118.100,400.0,3.951.980.265,391.075.567,3.876.176.237,3.848.094.505,3.826.386.244,3.810.952.529,3.801.721.426,3.798.649.271
105,8.117.401.574.803.140,400.0,4.023.409.856,4.043.307.379,4.059.878.119,4.073.258.484,4.083.556.748,4.090.855.144,4.095.211.384,4.096.659.685
106,3.394.527.559.055.110,400.0,39.689.717,3.942.381.609,3.920.114.813,3.902.056.575,3.888.111.647,387.820.508,3.872.282.869,3.870.312.428
107,2.048.976.377.952.750,400.0,395.452.343,3.915.492.746,3.882.761.666,385.618.634,3.835.645.853,3.821.044.092,3.812.311.267,3.809.405.052
108,644.740.157.480.315,400.0,4.003.472.329,4.006.417.982,400.887.615,4.010.864.206,4.012.396.162,4.013.482.796,4.014.131.741,4.014.347.552
109,167.996.062.992.126,400.0,3.950.638.633,3.908.256.167,3.872.700.885,3.843.823.595,3.821.498.467,3.805.625.199,3.796.130.807,3.792.970.964
110,15.724.015.748.031.400,400.0,3.949.512.496,3.906.157.878,3.869.783.082,3.840.237.561,3.817.394.213,3.801.151.643,3.791.436.024,3.788.202.498
111,5.501.181.102.362.200,400.0,3.992.515.976,3.986.109.013,3.980.756.403,3.976.423.652,3.973.082.682,397.071.175,396.929.537,3.968.824.272
112,8.033.464.566.929.130,400.0,4.022.389.072,4.041.420.824,4.057.272.211,4.070.072.759,4.079.925.365,4.086.908.225,4.091.076.244,4.092.461.987
113,5.880.826.771.653.540,400.0,3.996.882.916,3.994.206.768,3.991.972.007,3.990.163.678,3.988.769.655,3.987.780.573,3.987.189.775,3.986.993.284
114,4.399.055.118.110.230,400.0,3.980.054.931,3.962.980.027,3.948.697.119,3.937.124.043,392.819.323,3.921.851.907,3.918.062.267,391.680.158
115,672.492.125.984.252,400.0,4.006.731.874,401.245.495,4.017.229.308,4.021.089.588,4.024.063.654,4.026.172.892,4.027.432.428,4.027.851.276
116,6.940.314.960.629.920,400.0,4.009.276.329,4.017.165.894,4.023.745.889,4.029.065.024,4.033.162.401,4.036.067.981,403.780.293,4.038.379.852
117,25.993.700.787.401.500,400.0,3.960.379.311,3.926.395.659,3.897.913.313,3.874.798.442,3.856.939.124,3.844.246.763,3.836.657.231,3.834.131.717
118,37.758.661.417.322.800,400.0,3.973.148.774,3.950.147.696,393.089.436,3.915.285.239,3.903.234.695,3.894.675.538,3.889.559.453,3.887.857.331
119,22.841.732.283.464.500,400.0,3.957.016.714,3.920.135.725,3.889.214.893,3.864.114.341,384.471.675,3.830.929.031,382.268.368,3.819.939.796
120,5.694.566.929.133.850,400.0,3.994.735.604,3.990.225.448,3.986.458.347,3.983.409.551,3.981.058.956,3.979.391.011,3.978.394.655,397.806.327
121,17.321.259.842.519.600,400.0,3.951.185.805,3.909.275.605,3.874.118.377,3.845.565.619,3.823.492.142,3.807.798.196,379.841.122,3.795.287.151
122,9.953.307.086.614.170,400.0,4.046.246.251,4.085.450.219,4.118.022.622,4.144.276.448,4.164.455.723,4.178.743.217,4.187.265.905,4.190.098.569
123,6.331.141.732.283.460,400.0,4.002.113.087,4.003.899.862,4.005.391.144,4.006.597.358,4.007.526.919,4.008.186.307,4.008.580.113,4.008.711.078
124,9.593.543.307.086.610,400.0,4.041.693.508,4.077.058.044,4.106.454.302,4.130.156.581,4.148.379.498,4.161.284.242,4.168.983.014,4.171.541.983
125,6.639.173.228.346.450,400.0,4.005.722.485,4.010.585.718,401.464.319,4.017.924.099,4.020.451.957,4.022.244.819,4.023.315.461,4.023.671.498
126,33.614.173.228.346.400,400.0,3.968.610.756,3.941.710.372,3.919.182.929,390.091.278,3.886.803.893,3.876.780.684,3.870.788.679,3.868.795.007
127,21.079.133.858.267.700,400.0,3.955.146.945,3.916.653.962,3.884.375.758,3.858.169.434,3.837.914.944,3.823.516.905,3.814.906.082,3.812.040.496
128,26.380.708.661.417.300,400.0,3.960.793.867,3.927.167.261,3.898.985.308,3.876.114.977,3.858.445.056,3.845.887.536,3.838.378.728,3.835.880.091
129,9.210.590.551.181.100,400.0,4.036.889.309,4.068.197.158,4.094.234.268,4.115.236.002,4.131.387.209,4.142.827.119,4.149.652.857,4.151.921.781
130,5.414.094.488.188.970,400.0,3.991.519.679,398.426.098,3.978.196.189,3.973.286.558,3.969.500.528,3.966.813.637,3.965.208.459,3.964.674.558
131,7.697.952.755.905.510,400.0,4.018.328.772,4.033.914.493,4.046.901.127,4.057.391.676,4.065.468.234,4.071.193.343,4.074.611,4.075.747.332
132,4.055.905.511.811.020,400.0,3.976.239.819,3.955.892.365,3.938.865.523,3.925.064.888,3.914.412.575,39.068.476,3.902.326.183,3.900.821.976
133,43.556.299.212.598.400,400.0,3.979.570.453,3.962.080.135,394.744.903,3.935.593.358,3.926.444.194,391.994.769,3.916.065.256,3.914.773.691
134,24.616.141.732.283.400,400.0,3.958.906.693,3.923.654.445,3.894.104.602,3.870.120.587,3.851.588.037,3.838.416.329,3.830.539.816,3.827.918.748
135,7.428.503.937.007.870,400.0,4.015.090.945,4.027.926.038,4.038.624.294,4.047.268.532,4.053.924.929,4.058.644.006,4.061.461.355,4.062.398.132
136,9.153.976.377.952.750,400.0,4.036.182.727,4.066.893.487,4.092.435.891,411.303.974,4.128.885.614,4.140.109.586,4.146.806.608,4.149.032.766
137,7.941.811.023.622.040,400.0,4.021.276.732,4.039.364.795,4.054.431.913,4.066.600.214,40.759.668,4.082.605.516,408.656.824,4.087.885.747
138,14.224.015.748.031.400,400.0,3.947.946.639,3.903.239.888,3.865.724.974,3.835.249.607,3.811.685.036,3.794.928.432,378.490.486,3.781.568.764
139,22.619.291.338.582.600,400.0,395.678.033,3.919.695.582,3.888.603.202,3.863.362.918,3.843.857.055,3.829.992.226,3.821.700.702,3.818.941.443
140,24.448.818.897.637.700,400.0,3.958.728.142,3.923.322.052,3.893.642.734,3.869.553.288,3.850.939.064,3.837.709.199,3.829.797.867,3.827.165.204
141,6.636.299.212.598.420,400.0,4.005.688.688,4.010.523.128,4.014.556.591,4.017.818.095,4.020.331.007,4.022.113.272,4.023.177.586,4.023.531.519
142,5.374.330.708.661.410,400.0,3.991.065.441,3.983.418.343,3.977.028.743,3.971.855.982,3.967.866.929,3.965.035.899,3.963.344.588,3.962.782.034
143,2.670.275.590.551.180,400.0,396.113.912,3.927.809.847,389.987.803,3.877.211.315,3.859.699.087,3.847.253.833,3.839.812.231,3.837.335.971
144,7.541.811.023.622.040,400.0,4.016.450.013,4.030.439.957,4.042.099.175,4.051.518.854,4.058.771.778,4.063.913.464,4.066.983.001,4.068.003.613
145,6.643.700.787.401.570,400.0,4.005.775.731,4.010.684.327,4.014.779.623,4.018.091.104,4.020.642.508,4.022.452.066,4.023.532.676,4.023.892.028
146,6.584.291.338.582.670,400.0,4.005.077.498,4.009.391.188,4.012.990.402,4.015.900.912,4.018.143.474,4.019.734.036,4.020.683.888,4.020.999.761
147,4.217.952.755.905.510,400.0,3.978.037.665,3.959.232.747,3.943.499.533,393.074.925,3.920.908.769,3.913.920.903,3.909.744.632,3.908.355.286
148,9.715.157.480.314.960,400.0,4.043.228.219,4.079.887.549,4.110.355.254,4.134.918.479,4.153.801.628,4.167.173.078,417.514.996,4.177.801.317
149,2.547.637.795.275.590,400.0,3.959.825.742,3.925.365.263,3.896.481.712,3.873.040.208,3.854.927.897,3.842.055.411,3.834.358.042,3.831.796.623
150,5.880.511.811.023.620,400.0,3.996.879.277,3.994.200.022,3.991.962.665,3.990.152.236,3.988.756.593,3.987.766.361,3.987.174.877,3.986.978.157
151,26.054.330.708.661.400,400.0,3.960.444.233,3.926.516.498,3.898.081.198,3.875.004.626,3.857.174.972,3.844.503.731,3.836.926.843,3.834.405.538
152,797.744.094.488.189,400.0,4.021.708.866,4.040.163.577,4.055.535.425,4.067.949.401,4.077.504.849,40.842.773,4.088.319.803,4.089.663.828
153,5.291.850.393.700.780,400.0,3.990.124.573,3.981.672.843,3.974.610.253,3.968.892.236,3.964.482.445,3.961.352.686,3.959.482.859,395.886.092
154,15.798.031.496.062.900,400.0,3.949.589.901,3.906.302.111,3.869.983.657,384.048.408,3.817.676.364,3.801.459.188,3.791.758.781,3.788.530.323
155,7.557.598.425.196.850,400.0,4.016.639.661,4.030.790.725,404.258.399,4.052.111.824,4.059.447.941,4.064.648.562,4.067.753.265,4.068.785.567
156,2.498.228.346.456.690,400.0,3.959.297.644,3.924.382.225,3.895.115.844,3.871.362.641,3.853.008.888,3.839.964.491,3.832.164.201,3.829.568.513
157,6.343.503.937.007.870,400.0,4.002.257.443,4.004.167.315,4.005.761.313,4.007.050.592,4.008.044.158,4.008.748.944,4.009.169.861,4.009.309.842
158,5.906.929.133.858.260,400.0,3.997.184.585,3.994.766.011,3.992.746.404,3.991.112.213,3.989.852.455,3.988.958.647,3.988.424.763,3.988.247.202
159,7.651.456.692.913.380,400.0,4.017.768.595,4.032.878.597,4.045.469.567,4.055.640.955,4.063.472.057,4.069.023.306,4.072.337.228,4.073.439.077
160,5.284.409.448.818.890,400.0,3.990.039.782,3.981.515.529,3.974.392.275,3.968.625.103,3.964.177.381,396.102.069,3.959.134.767,3.958.507.474
161,6.361.181.102.362.200,400.0,4.002.463.936,4.004.549.881,4.006.290.795,4.007.698.882,4.008.783.992,4.009.553.707,40.100.134,4.010.166.275
162,7.176.771.653.543.300,400.0,4.012.084.383,4.022.363.226,4.030.933.447,4.037.859.885,4.043.194.476,4.046.976.945,4.049.235.315,4.049.986.261
163,9.873.582.677.165.350,400.0,404.523.404,4.083.584.802,4.115.451.658,4.141.138.841,416.088.374,4.174.864.261,4.183.204.055,4.185.975.966
164,22.318.503.937.007.800,400.0,395.646.088,3.919.100.756,3.887.776.521,3.862.347.373,3.842.695.164,3.828.726.105,3.820.372.169,3.817.592.127
165,4.905,400.0,3.985.735.709,3.973.528.155,3.963.322.538,3.955.056.952,394.868.073,3.944.154.449,3.941.449.946,3.940.550.322
166,8.918.031.496.062.990,400.0,403.324.805,4.061.477.668,4.084.963.596,4.103.912.976,4.118.488.957,4.128.814.698,4.134.976.253,4.137.024.494
167,4.774.566.929.133.850,400.0,3.984.264.806,3.970.797.608,3.959.537.252,3.950.416.352,3.943.379.685,3.938.384.248,393.539.929,3.934.406.354
168,3.234.448.818.897.630,400.0,3.967.229.195,3.939.140.887,3.915.615.414,3.896.533.737,3.881.796.892,387.132.691,386.506.756,3.862.984.893
169,7.432.322.834.645.660,400.0,4.015.136.693,4.028.010.665,4.038.741.278,4.047.411.628,4.054.088.115,4.058.821.426,4.061.647.268,4.062.586.869
170,7.501.496.062.992.120,400.0,401.596.604,4.029.544.781,4.040.861.865,405.000.548,4.057.046.047,4.062.037.295,4.065.017.061,406.600.783
171,5.111.023.622.047.240,400.0,3.988.068.157,3.977.857.126,3.969.322.625,3.962.411.778,3.957.081.392,3.953.297.913,3.951.037.395,3.950.285.483
172,22.043.700.787.401.500,400.0,395.616.922,3.918.557.659,3.887.021.711,38.614.201,3.841.634.247,3.827.570.004,381.915.907,3.816.360.047
173,8.843.976.377.952.750,400.0,4.032.330.295,4.059.783.585,40.826.258,4.101.057.145,4.115.235.418,4.125.279.805,4.131.273.618,4.133.266.122
174,11.203.149.606.299.200,400.0,3.944.809.443,3.897.392.342,3.857.591.075,3.825.250.354,3.800.238.525,37.824.502,3.771.808.445,3.768.266.432
175,34.201.181.102.362.200,400.0,396.925.086,3.942.900.735,3.920.835.501,3.902.941.127,3.889.122.977,38.793.066,3.873.438.354,3.871.485.876
176,8.438.464.566.929.130,400.0,4.027.332.963,405.055.565,4.069.887.793,4.085.493.043,4.097.500.899,4.106.009.472,4.111.087.497,4.112.775.679
177,9.439.055.118.110.230,400.0,4.039.750.241,4.073.474.515,4.101.512.956,412.412.388,4.141.509.709,4.153.822.645,4.161.168.728,4.163.610.528
178,8.002.755.905.511.810,400.0,4.022.016.115,4.040.731.488,4.056.319.963,4.068.908.574,4.078.598.267,4.085.465.775,4.089.564.983,4.090.927.855
179,6.176.574.803.149.600,400.0,400.031.168,4.000.561.974,4.000.770.913,4.000.939.937,4.001.070.208,4.001.162.624,400.121.782,4.001.236.177
180,18.349.606.299.212.500,400.0,3.952.266.377,3.911.288.662,3.876.917.268,3.849.005.117,3.827.428.335,3.812.088.298,3.802.913.305,3.799.859.837
181,3.169.763.779.527.550,400.0,3.966.526.906,3.937.834.596,3.913.801.571,3.894.307.121,387.925.083,3.868.553.552,3.862.158.182,3.860.030.235
182,5.044.645.669.291.330,400.0,3.987.315.454,3.976.460.251,3.967.386.654,396.003.883,3.954.371.136,3.950.348.103,3.947.944.406,394.714.486
183,19.303.543.307.086.600,400.0,3.953.271.046,391.316.012,3.879.519.055,3.852.202.166,3.831.086.861,3.816.075.608,3.807.097.538,3.804.109.652
184,4.669.094.488.188.970,400.0,3.983.078.641,3.968.595.314,3.956.483.897,3.946.672.703,3.939.102.929,3.933.728.744,3.930.517.359,3.929.449.086
185,22.301.574.803.149.600,400.0,3.956.442.907,391.906.729,3.887.730.008,3.862.290.234,384.262.979,3.828.654.866,3.820.297.418,3.817.516.206
186,9.275.787.401.574.800,400.0,4.037.704.171,4.069.700.468,4.096.307.885,4.117.768.255,4.134.271.383,4.145.960.164,4.152.934.243,4.155.252.453
187,36.741.338.582.677.100,400.0,3.972.030.819,3.948.069.518,3.928.010.185,3.911.746.167,389.918.916,3.890.269.822,3.884.938.269,3.883.164.432
188,205.003.937.007.874,400.0,3.954.534.669,3.915.513.676,388.279.076,3.856.222.086,3.835.686.755,3.821.088.667,3.812.358.041,3.809.452.559
189,3.986.692.913.385.820,400.0,3.975.473.991,3.954.469.262,3.936.891.067,3.922.642.674,3.911.644.227,3.903.833.167,3.899.164.565,3.897.611.374
190,8.500.944.881.889.760,400.0,4.028.099.851,4.051.972.133,4.071.843.473,4.087.882.997,4.100.224.455,410.896.913,4.114.187.955,4.115.922.929
191,6.971.102.362.204.720,400.0,4.009.641.069,4.017.841.076,402.467.973,4.030.207.797,4.034.466.023,4.037.485.618,4.039.288.629,403.988.818
192,595.751.968.503.937,400.0,3.997.769.789,3.995.850.827,3.994.248.511,3.992.952.037,3.991.952.653,39.912.436,3.990.820.081,3.990.679.226
193,7.824.409.448.818.890,400.0,4.019.855.385,4.036.737.198,405.080.158,4.062.161.349,4.070.906.309,4.077.104.814,4.080.804.915,408.203.513
194,31.298.031.496.062.900,400.0,3.966.093.575,3.937.028.532,391.268.226,3.892.933.034,3.877.679.559,386.684.197,386.036.263,385.820.673
195,21.590.551.181.102.300,400.0,3.955.688.677,3.917.662.809,3.885.777.985,3.859.892.159,3.839.886.053,3.825.664.934,381.716.006,3.814.329.755
196,4.758.425.196.850.390,400.0,3.984.083.085,3.970.460.233,3.959.069.522,3.949.842.901,3.942.724.591,3.937.671.153,3.934.651.521,3.933.647.049
197,19.074.409.448.818.800,400.0,3.953.029.525,3.912.710.242,3.878.893.634,3.851.433.675,3.830.207.461,3.815.117.192,3.806.091.798,3.803.088.151
198,5.165.196.850.393.700,400.0,3.988.683.324,3.978.998.672,3.970.904.628,3.964.350.766,3.959.295.917,395.570.811,3.953.564.539,3.952.851.533
199,5.191.614.173.228.340,400.0,3.988.983.588,3.979.555.835,3.971.676.735,396.529.707,3.960.376.666,3.956.884.332,395.479.782,3.954.103.797
200,7.518.543.307.086.610,400.0,4.016.170.633,4.029.923.211,4.041.384.937,4.050.645.265,4.057.775.612,4.062.830.463,4.065.848.183,406.685.157
201,5.621.692.913.385.820,400.0,3.993.898.003,3.988.672.189,3.984.306.964,3.980.773.858,3.978.049.724,397.611.665,3.974.961.889,3.974.577.815
202,882.755.905.511.811,400.0,4.032.127.052,4.059.408.394,4.082.108.017,41.004.246,4.114.514.761,4.124.496.811,4.130.453.458,4.132.433.612
203,23.528.346.456.692.900,400.0,3.957.747.132,3.921.495.682,389.110.482,3.866.435.917,3.847.372.771,3.833.823.229,3.825.720.493,3.823.024.097
204,11.009.448.818.897.600,400.0,3.944.609.023,389.701.871,3.857.071.284,3.824.611.286,3.799.506.895,3.781.652.574,3.770.971.272,3.767.416.086
205,8.418.267.716.535.430,400.0,4.027.085.305,4.050.098.185,4.069.256.158,4.084.721.119,4.096.621.201,4.105.053.495,4.110.086.029,4.111.759.094
206,7.275.511.811.023.620,400.0,4.013.261.577,4.024.541.537,4.033.945.327,4.041.544.741,4.047.397.228,4.051.546.697,4.054.024.108,4.054.847.875
207,45.698.818.897.637.700,400.0,3.981.965.525,3.966.528.382,395.361.791,3.943.158.487,393.508.802,3.929.358.079,3.925.933.999,3.924.794.953
208,21.418.503.937.007.800,400.0,3.955.506.361,3.917.323.294,388.530.609,3.859.312.413,3.839.222.725,3.824.942.074,3.816.401.548,3.813.559.371
209,11.563.385.826.771.600,400.0,3.945.182.412,3.898.087.627,3.858.558.324,3.826.439.535,3.801.599.924,3.783.934.385,3.773.366.207,3.769.848.704
210,6.234.133.858.267.710,400.0,4.000.981.746,4.001.803.643,4.002.489.697,4.003.044.656,4.003.472.362,4.003.775.772,4.003.956.983,4.004.017.248
211,7.448.070.866.141.730,400.0,4.015.325.385,4.028.359.719,4.039.223.784,4.048.001.833,4.054.761.175,4.059.553.186,4.062.414.059,4.063.365.305
212,7.589.015.748.031.490,400.0,4.017.017.275,4.031.489.123,4.043.549.257,4.053.292.402,4.060.794.132,4.066.112.071,4.069.286.778,4.070.342.351
213,5.873.503.937.007.870,400.0,3.996.798.318,3.994.049.934,3.991.754.831,3.989.897.662,3.988.465.982,3.987.450.177,3.986.843.416,3.986.641.615
214,9.869.212.598.425.190,400.0,404.517.861,4.083.482.644,4.115.310.853,4.140.966.996,4.160.688.098,4.174.651.802,4.182.981.575,4.185.750.158
215,19.654.330.708.661.400,400.0,3.953.641.044,3.913.849.289,3.880.477.113,3.853.379.361,3.832.433.929,3.817.543.695,3.808.638.106,3.805.674.357
216,28.668.897.637.795.200,400.0,396.325.251,3.931.742.787,3.905.341.341,3.883.920.137,3.867.372.367,3.855.613.654,3.848.583.015,384.624.358
217,7.246.496.062.992.120,400.0,4.012.915.366,4.023.900.929,4.033.059.615,4.040.461.159,404.616.138,4.050.202.952,4.052.615.967,4.053.418.326
218,680.748.031.496.063,400.0,4.007.705.635,4.014.257.993,4.019.723.618,4.024.142.474,4.027.546.681,4.029.960.878,4.031.402.481,4.031.881.867
219,3.527.677.165.354.330,400.0,3.970.425.997,3.945.085.857,3.923.868.841,390.666.397,3.893.379.231,3.883.942.291,387.830.107,3.876.424.162
220,794.515.748.031.496,400.0,4.021.317.304,4.039.439.792,4.054.535.523,4.066.726.893,4.076.111.213,4.082.762.487,4.086.732.702,40.880.527
221,8.080.275.590.551.180,400.0,4.022.958.108,4.042.472.513,4.058.724.946,4.071.848.759,408.194.984,4.089.108.628,4.093.381.592,4.094.802.215
222,747.976.377.952.756,400.0,4.015.705.338,4.029.062.554,4.040.195.308,4.049.190.181,4.056.116.325,406.102.651,4.063.957.903,4.064.932.592
223,5.384.724.409.448.810,400.0,3.991.184.132,3.983.638.526,3.977.333.803,3.972.229.804,3.968.293.807,3.965.500.445,3.963.831.644,3.963.276.579
224,8.424.212.598.425.190,400.0,402.715.819,4.050.232.817,406.944.205,40.849.483,4.096.880.102,4.105.334.847,411.038.077,4.112.058.284
225,5.466.141.732.283.460,400.0,3.992.114.872,398.536.503,3.979.725.738,397.516.078,3.971.640.671,3.969.142.567,3.967.650.198,3.967.153.822
226,537.255.905.511.811,400.0,3.991.045.213,3.983.380.817,3.976.976.751,397.179.227,3.967.794.174,3.964.956.724,3.963.261.576,3.962.697.747
227,9.877.283.464.566.920,400.0,4.045.280.984,4.083.671.323,4.115.570.908,4.141.284.379,4.161.049.431,4.175.044.195,4.183.392.474,4.186.167.205
228,9.144.606.299.212.590,400.0,4.036.065.872,4.066.677.875,4.092.138.448,4.112.676.478,4.128.471.841,4.139.660.089,4.146.335.816,4.148.554.899
229,21.227.559.055.118.100,400.0,3.955.304.103,3.916.946.636,3.884.782.561,3.858.669.225,3.838.486.801,3.824.140.095,3.815.560.013,3.812.704.663
230,9.060.984.251.968.500,400.0,4.035.024.156,406.475.563,408.948.651,4.109.437.567,412.478.244,4.135.652.066,4.142.137.859,4.144.293.835
231,6.282.874.015.748.030,400.0,4.001.549.851,4.002.856.299,4.003.946.752,4.004.828.797,4.005.508.563,4.005.990.769,4.006.278.762,4.006.374.538
232,9.568.385.826.771.650,400.0,4.041.376.578,4.076.473.663,410.564.856,4.129.172.941,4.147.259.421,4.160.067.711,4.167.709.004,4.170.248.878
233,3.914.527.559.055.110,400.0,3.974.676.797,3.952.987.749,3.934.835.427,3.920.120.723,3.908.761.764,3.900.694.379,389.587.246,3.894.268.243
234,7.998.307.086.614.170,400.0,4.021.962.106,4.040.631.661,405.618.206,4.068.739.975,4.078.406.073,4.085.256.873,4.089.346.115,4.090.705.674
235,4.491.692.913.385.820,400.0,3.981.090.088,3.964.902.614,3.951.363.433,3.940.393.891,3.931.929.359,39.259.194,3.922.327.895,3.921.133.139
236,9.234.645.669.291.330,400.0,4.037.189.816,4.068.751.572,4.094.999.028,4.116.169.927,4.132.450.941,4.143.982.651,4.150.863.107,4.153.150.211
237,8.835.551.181.102.360,400.0,4.032.225.983,4.059.591.024,4.082.360.058,4.100.732.504,4.114.865.556,4.124.877.951,4.130.852.689,4.132.838.855
238,650.748.031.496.063,400.0,4.004.176.181,4.007.721.774,4.010.680.384,401.307.304,4.014.916.695,4.016.224.379,4.017.005.322,4.017.265.027
239,7.943.346.456.692.910,400.0,4.021.295.347,4.039.399.205,4.054.479.451,4.066.658.336,4.076.033.059,4.082.677.537,4.086.643.698,4.087.962.348
240,3.759.291.338.582.670,400.0,3.972.966.451,394.980.879,3.930.424.034,3.914.708.137,3.902.575.024,3.893.957.148,3.888.805.937,3.887.092.125
241,5.914.488.188.976.370,400.0,399.727.198,3.994.928.024,3.992.970.742,3.991.386.994,3.990.166.128,3.989.299.917,3.988.782.519,3.988.610.441
242,13.711.811.023.622.000,400.0,3.947.413.179,3.902.245.677,3.864.342.183,3.833.549.852,3.809.739.398,3.792.807.531,3.782.678.954,3.779.307.882
243,28.397.637.795.275.500,400.0,3.962.960.365,3.931.199.167,3.904.586.249,3.882.992.961,3.866.311.954,3.854.458.405,3.847.371,3.845.012.666
244,9.822.874.015.748.030,400.0,4.044.591.207,4.082.399.994,4.113.818.593,4.139.145.723,4.158.614.587,4.172.400.022,4.180.623.578,4.183.356.878
245,6.516.968.503.937.000,400.0,400.428.743,4.007.927.838,4.010.965.532,4.013.422.122,4.015.315.028,401.665.764,4.017.459.438,4.017.726.078
246,776.007.874.015.748,400.0,4.019.078.206,4.035.300.261,4.048.816.072,4.059.733.437,4.068.138.218,4.074.095.799,4.077.652.159,4.078.834.596
247,6.798.897.637.795.270,400.0,4.007.604.318,4.014.070.399,4.019.464.115,4.023.824.868,4.027.184.334,4.029.566.812,4.030.989.479,4.031.462.568
248,45.003.543.307.086.600,400.0,3.981.186.987,3.965.082.571,3.951.612.992,3.940.699.926,3.932.279.024,3.926.300.069,3.922.727.101,3.921.538.514
249,13.523.228.346.456.600,400.0,3.947.216.928,3.901.879.911,3.863.833.445,3.832.924.484,3.809.023.553,3.792.027.191,3.781.859.973,377.847.603
250,848.507.874.015.748,400.0,4.027.905.002,4.051.612.251,4.071.346.611,4.087.275.817,4.099.532.532,4.108.217.233,4.113.400.294,4.115.123.382
251,396.755.905.511.811,400.0,3.975.262.494,3.954.076.226,3.936.345.733,3.921.973.649,3.910.879.577,3.903.000.529,3.898.291.262,3.896.724.538
252,4.448.740.157.480.310,400.0,3.980.609.847,3.964.010.694,3.950.126.517,3.938.877.024,3.930.196.212,3.924.032.559,3.920.349.154,3.919.123.819
253,14.448.818.897.637.700,400.0,3.948.180.968,3.903.676.592,3.866.332.342,3.835.996.178,3.812.539.586,3.795.859.946,3.785.882.484,3.782.561.746
254,6.139.566.929.133.850,400.0,3.999.881.333,3.999.764.466,3.999.666.903,3.999.587.976,3.999.527.144,3.999.483.988,3.999.458.212,399.944.964
255,8.721.692.913.385.820,400.0,4.030.818.331,4.056.992.235,4.078.773.346,4.096.350.592,4.109.873.057,4.119.453.454,412.517.062,4.127.071.197
256,9.488.543.307.086.610,400.0,4.040.371.974,4.074.621.133,4.103.094.135,4.126.054.377,4.143.708.159,4.156.210.544,4.163.669.533,4.166.148.844
257,5.621.338.582.677.160,400.0,3.993.893.934,3.988.664.642,3.984.296.512,3.980.761.052,3.978.035.103,397.610.074,3.974.945.209,3.974.560.879
258,3.110.236.220.472.440,400.0,3.965.881.539,3.936.634.097,3.912.134.525,389.226.061,3.876.910.627,3.866.004.363,3.859.483.925,3.857.314.343
259,6.283.897.637.795.270,400.0,4.001.561.789,4.002.878.418,4.003.977.368,4.004.866.285,4.005.551.347,400.603.731,4.006.327.546,4.006.424.068
260,4.005.275.590.551.180,400.0,3.975.679.485,3.954.851.134,3.937.420.901,3.923.292.675,3.912.387.124,3.904.642.111,3.900.013.013,3.898.472.969
261,16.577.952.755.905.500,400.0,3.950.406.336,3.907.823.355,3.872.099.055,3.843.083.958,3.820.651.965,3.804.702.544,3.795.162.534,3.791.987.498
262,23.746.062.992.125.900,400.0,3.957.978.979,3.921.927.335,3.891.704.662,3.867.172.734,3.848.215.712,3.834.741.743,3.826.684.257,3.824.002.929
263,4.228.267.716.535.430,400.0,3.978.152.334,3.959.445.779,394.379.504,3.931.111.712,3.921.322.975,3.914.371.889,3.910.217.614,3.908.835.588
264,36.799.212.598.425.100,400.0,3.972.094.348,3.948.187.618,3.928.174.096,3.911.947.305,3.899.419.088,3.890.520.227,3.885.200.923,3.883.431.164
265,7.583.661.417.322.830,400.0,40.169.529,4.031.370.064,4.043.384.706,4.053.091.149,4.060.564.649,406.586.259,4.069.025.365,4.070.076.971
266,432,400.0,3.979.173.308,3.961.342.424,3.946.425.833,3.934.338.446,3.925.010.235,3.918.386.478,3.914.427.949,3.913.111.062
267,692.496.062.992.126,400.0,4.009.094.524,4.016.829.336,4.023.280.387,4.028.495.361,4.032.512.546,4.035.361.282,4.037.062.298,4.037.627.937
268,964.496.062.992.126,400.0,4.042.341.835,4.078.253.414,4.108.102.394,4.132.168.477,4.150.670.398,4.163.772.371,4.171.588.674,4.174.186.688
269,5.764.370.078.740.150,400.0,3.995.539.244,3.991.715.588,3.988.522.145,398.593.779,3.983.945.373,3.982.531.636,3.981.687.151,3.981.406.281
270,7.832.362.204.724.400,400.0,4.019.951.544,4.036.914.977,4.051.047.219,406.246.171,4.071.248.746,407.747.705,4.081.194.928,4.082.431.052
271,5.928.188.976.377.950,400.0,3.997.430.423,399.522.174,3.993.377.446,3.991.885.142,3.990.734.777,3.989.918.594,3.989.431.081,3.989.268.941
272,9.821.417.322.834.640,400.0,4.044.572.751,4.082.365.978,4.113.771.705,4.139.088.497,4.158.549.434,4.172.329.267,4.180.549.485,4.183.281.676
273,5.462.992.125.984.250,400.0,3.992.078.834,3.985.298.184,3.979.633.131,3.975.047.307,39.715.111,3.969.001.568,396.750.237,3.967.003.723
274,13.374.803.149.606.200,400.0,3.947.062.528,3.901.592.139,3.863.433.181,3.832.432.453,380.846.033,379.141.322,3.781.215.597,3.777.821.526
275,5.280.905.511.811.020,400.0,3.989.999.859,3.981.441.458,3.974.289.641,3.968.499.324,3.964.033.742,3.960.864.369,3.958.970.868,3.958.341.053
276,3.087.755.905.511.810,400.0,396.563.805,3.936.181.142,3.911.505.515,3.891.488.395,3.876.027.571,3.865.042.432,3.858.474.789,3.856.289.493
277,13.722.047.244.094.400,400.0,3.947.423.834,3.902.265.535,3.864.369.803,3.833.583.803,3.809.778.262,3.792.849.896,3.782.723.417,3.779.353.043
278,18.021.259.842.519.600,400.0,3.951.921.077,3.910.645.408,3.876.022.937,384.790.612,3.826.170.657,381.071.756,3.801.474.848,3.798.398.827
279,2.202.755.905.511.810,400.0,3.956.152.094,3.918.525.768,3.886.977.388,3.861.365.649,3.841.571.947,3.827.502.114,3.819.087.833,3.816.287.696
280,6.766.811.023.622.040,400.0,4.007.225.718,401.336.939,4.018.494.364,4.022.637.968,4.025.830.219,4.028.094.148,4.029.446.039,4.029.895.595
281,5.238.582.677.165.350,400.0,3.989.517.898,3.980.547.238,3.973.050.552,3.966.980.785,3.962.299.548,3.958.977.046,3.956.992.032,3.956.331.774
282,4.691.771.653.543.300,400.0,3.983.333.428,3.969.068.389,3.957.139.816,3.947.476.938,3.940.021.714,3.934.728.914,3.931.566.185,3.930.514.101
283,5.119.251.968.503.930,400.0,3.988.161.544,3.978.030.427,3.969.562.799,3.962.706.154,3.957.417.605,3.953.663.837,3.951.421.077,3.950.675.072
284,3.720.551.181.102.360,400.0,3.972.540.581,3.949.017.151,3.929.325.382,3.913.360.035,3.901.034.014,389.227.895,3.887.045.671,3.885.304.544
285,547.255.905.511.811,400.0,3.992.188.308,3.985.501.245,3.979.914.444,3.975.392.004,3.971.904.696,3.969.429.879,3.967.951.424,3.967.459.677
286,8.650.275.590.551.180,400.0,4.029.937.299,4.055.365.454,4.076.527.899,4.093.607.075,4.106.747.052,4.116.056.808,4.121.612.598,412.345.955
287,39.280.708.661.417.300,400.0,3.974.826.305,3.953.265.607,3.935.220.973,3.920.593.739,3.909.302.407,3.901.283.106,3.896.489.949,3.894.895.305
288,567.996.062.992.126,400.0,3.994.567.608,3.989.913.926,3.986.026.878,3.982.880.965,3.980.455.468,3.978.734.362,3.977.706.244,3.977.364.294
289,5.238.385.826.771.650,400.0,3.989.515.657,3.980.543.081,3.973.044.791,3.966.973.725,3.962.291.485,3.958.968.271,3.956.982.832,3.956.322.432
290,8.140.472.440.944.880,400.0,402.369.078,4.043.826.525,4.060.595.172,4.074.135.039,4.084.555.891,4.091.941.076,4.096.349.085,4.097.814.592
291,1.976.220.472.440.940,400.0,3.953.754.885,3.914.061.328,3.880.771.877,385.374.154,3.832.848.366,3.817.995.361,3.809.112.068,3.806.155.745
292,6.445.787.401.574.800,400.0,4.003.453.432,4.006.382.976,4.008.827.706,4.010.804.896,4.012.328.482,4.013.409.179,4.014.054.579,4.014.269.211
293,602,400.0,3.998.493.481,3.997.192.261,3.996.105.833,3.995.226.829,399.454.928,3.994.068.582,3.993.781.465,3.993.685.976
294,31.222.047.244.094.400,400.0,3.966.011.224,3.936.875.341,3.912.469.531,389.267.188,3.877.380.925,3.866.516.665,3.860.021.364,385.786.015
295,9.302.795.275.590.550,400.0,4.038.042.093,4.070.323.844,4.097.167.702,4.118.818.197,4.135.467.203,4.147.259.141,4.154.294.706,4.156.633.343
296,10.995.669.291.338.500,400.0,3.944.594.769,3.896.992.136,3.857.034.315,3.824.565.834,3.799.454.859,3.781.595.844,3.770.911.729,3.767.355.606
297,7.162.874.015.748.030,400.0,4.011.918.912,4.022.057.008,4.030.510.022,4.037.341.824,4.042.603.581,4.046.334.434,4.048.561.996,40.493.027
298,3.788.740.157.480.310,400.0,3.973.290.437,3.950.411.016,3.931.259.786,3.915.733.619,3.903.747.225,3.895.233.684,3.890.144.887,3.888.451.848
299,21.081.889.763.779.500,400.0,3.955.149.863,3.916.659.396,388.438.331,3.858.178.713,3.837.925.561,3.823.528.475,3.814.918.223,3.812.052.826
300,5.910.236.220.472.440,400.0,3.997.222.818,3.994.836.889,3.992.844.547,3.991.232.425,3.989.989.681,3.989.107.947,3.988.581.275,3.988.406.112
301,4.635.511.811.023.620,400.0,3.982.701.573,3.967.895.169,3.955.513.116,3.945.482.383,3.937.743.045,3.932.248.383,3.928.964.971,3.927.872.731
302,37.991.338.582.677.100,400.0,3.973.404.837,395.062.366,393.155.488,39.160.957,3.904.161.104,3.895.684.398,3.890.617.636,3.888.931.931
303,9.981.220.472.440.940,400.0,4.046.601.098,4.086.104.113,4.118.923.775,4.145.376.159,4.165.707.632,418.010.268,4.188.689.445,4.191.543.394
304,9.968.897.637.795.270,400.0,4.046.444.416,4.085.815.391,4.118.525.882,4.144.890.599,4.165.154.874,4.179.502.436,418.806.091,4.190.905.462
305,2.804.724.409.448.810,400.0,3.962.583.263,3.930.497.437,3.903.611.514,3.881.796.057,3.864.943.026,385.296.703,3.845.806.331,3.843.423.595
306,3.177.007.874.015.740,400.0,3.966.605.503,3.937.980.796,3.914.004.581,3.894.556.335,3.879.535.804,386.886.397,3.862.483.826,3.860.360.948
307,7.777.204.724.409.440,400.0,4.019.284.991,4.035.682.601,4.049.344.391,4.060.379.488,40.688.748,4.074.896.499,4.078.491.114,4.079.686.266
308,4.194.251.968.503.930,400.0,3.977.774.293,3.958.743.445,3.942.820.787,3.929.916.704,3.919.957.361,3.912.885.004,3.908.658.206,3.907.252.045
309,8.834.094.488.188.970,400.0,403.220.795,4.059.557.734,4.082.314.116,410.067.638,4.114.801.614,4.124.808.478,4.130.779.919,4.132.764.989
310,1.967.992.125.984.250,400.0,3.953.668.047,3.913.899.586,3.880.547.033,3.853.465.272,3.832.532.236,3.817.650.834,3.808.750.533,3.805.788.546
311,6.345.196.850.393.700,400.0,4.002.277.215,4.004.203.946,4.005.812.012,4.007.112.668,4.008.115,4.008.826.003,4.009.250.634,4.009.391.849
312,6.357.204.724.409.440,400.0,400.241.748,4.004.463.812,4.006.171.674,4.007.553.033,4.008.617.549,4.009.372.657,4.009.823.626,4.009.973.601
313,46.744.094.488.188.900,400.0,3.983.138.345,396.870.617,39.566.376,3.946.861.163,3.939.318.233,393.396.312,3.930.763.138,3.929.698.658
314,6.979.606.299.212.590,400.0,4.009.741.862,4.018.027.652,4.024.937.776,4.030.523.572,4.034.826.239,4.037.877.336,403.969.915,4.040.304.953
315,5.459.566.929.133.850,400.0,3.992.039.646,3.985.225.493,3.979.532.428,3.974.923.914,3.971.370.201,3.968.848.241,3.967.341.617,39.668.405
316,24.669.291.338.582.600,400.0,3.958.963.423,3.923.760.054,3.894.251.347,3.870.300.828,3.851.794.226,3.838.640.994,3.830.775.544,3.828.158.159
317,30.278.740.157.480.300,400.0,3.964.990.072,3.934.975.675,3.909.831.439,3.889.433.122,3.873.677.234,3.862.482.116,3.855.788.804,3.853.561.671
318,181.248.031.496.063,400.0,3.952.029.939,3.910.848.207,3.876.304.895,3.848.252.607,3.826.567.175,3.811.149.725,3.801.928.365,3.798.859.455
319,4.131.732.283.464.560,400.0,3.977.080.244,395.745.395,3.941.031.955,392.772.246,3.917.449.778,3.910.154.683,3.905.794.677,3.904.344.186
320,5.659.606.299.212.590,400.0,3.994.333.596,3.989.479.976,3.985.425.832,3.982.144.622,3.979.614.774,3.977.819.603,3.976.747.234,3.976.390.566
321,4.457.283.464.566.920,400.0,3.980.705.329,396.418.803,3.950.372.451,3.939.178.624,393.054.082,3.924.407.728,3.920.742.599,3.919.523.344
322,6.644.409.448.818.890,400.0,4.005.784.065,4.010.699.763,4.014.800.979,4.018.117.245,4.020.672.335,4.022.484.506,4.023.566.676,4.023.926.547
323,10.766.929.133.858.200,400.0,3.944.358.217,3.896.551.134,3.856.420.787,3.823.811.507,3.798.591.266,3.780.654.344,3.769.923.544,3.766.351.869
324,40.598.818.897.637.700,400.0,3.976.283.855,395.597.419,3.938.979.045,3.925.204.151,3.914.571.735,3.907.020.905,3.902.507.949,3.901.006.557
325,859.240.157.480.315,400.0,4.029.224.422,4.054.049.035,4.074.710.702,4.091.386.668,4.104.216.973,4.113.307.597,411.873.272,412.053.625
326,3.478.503.937.007.870,400.0,3.969.888.391,3.944.086.235,3.922.481.226,3.904.960.978,3.891.432.267,3.881.821.786,3.876.076.733,3.874.165.263
327,4.837.204.724.409.440,400.0,3.984.970.621,397.210.792,3.961.353.767,3.952.643.385,3.945.923.722,394.115.348,3.938.303.143,3.937.354.999
328,31.363.779.527.559.000,400.0,3.966.164.845,3.937.161.107,3.912.866.358,3.893.159.039,3.877.937.999,3.867.123.489,3.860.657.962,385.850.666
329,841.744.094.488.189,400.0,402.707.517,4.050.079.462,4.069.230.307,4.084.689.526,4.096.585.197,4.105.014.369,4.110.045.042,4.111.717.487
330,9.211.102.362.204.720,400.0,4.036.895.701,4.068.208.951,4.094.250.536,4.115.255.868,4.131.409.836,41.428.517,4.149.678.602,4.151.947.913
331,3.990.669.291.338.580,400.0,3.975.517.955,3.954.550.963,3.937.004.425,3.922.781.743,3.911.803.172,3.904.006.243,3.899.346.093,3.897.795.715
332,7.828.740.157.480.310,400.0,4.019.907.747,4.036.834.004,4.050.935.339,4.062.324.906,4.071.092.778,407.730.751,4.081.017.291,4.082.250.724
333,7.610.551.181.102.360,400.0,4.017.276.276,4.031.968.128,4.044.211.277,4.054.102.072,4.061.717.366,406.711.575,4.070.338.459,4.071.409.988
334,8.151.062.992.125.980,400.0,4.023.819.787,4.044.064.923,4.060.924.446,4.074.537.551,4.085.014.689,4.092.439.724,4.096.871.501,4.098.344.908
335,7.541.732.283.464.560,400.0,4.016.449.067,4.030.438.208,4.042.096.757,4.051.515.897,4.058.768.406,4.063.909.799,406.697.916,4.067.999.713
336,48.322.834.645.669.200,400.0,398.491.513,3.972.004.907,3.961.210.963,3.952.468.313,3.945.723.732,394.093.579,3.938.074.873,3.937.123.208
337,38.076.771.653.543.300,400.0,3.973.498.892,3.950.798.483,3.931.797.487,3.916.393.376,3.904.501.363,3.896.054.939,3.891.006.291,3.889.326.614
338,22.659.448.818.897.600,400.0,3.956.822.995,3.919.775.025,388.871.361,3.863.498.548,3.844.012.229,3.830.161.318,3.821.878.129,3.819.121.645
339,7.448.346.456.692.910,400.0,4.015.328.688,4.028.365.828,4.039.232.229,4.048.012.163,4.054.772.955,4.059.565.994,406.242.748,406.337.893
340,38.425.984.251.968.500,400.0,3.973.883.539,3.951.513.422,3.932.789.609,3.917.610.678,3.905.892.784,3.897.570.175,3.892.595.591,3.890.940.565
341,927,400.0,4.037.631.787,4.069.566.935,4.096.123.701,411.754.334,4.134.015.215,4.145.681.896,4.152.642.803,4.154.956.636
342,9.520.433.070.866.140,400.0,4.040.772.996,4.075.360.661,4.104.113.889,412.729.937,4.145.125.917,4.157.750.446,4.165.282.227,416.778.572
343,7.788.700.787.401.570,400.0,4.019.423.845,4.035.939.333,4.049.699.138,4.060.813.282,4.069.369.377,4.075.434.124,4.079.054.423,4.080.258.113
344,30.394.488.188.976.300,400.0,3.965.115.253,393.520.856,3.910.154.863,38.898.302,3.874.131.325,386.297.678,3.856.307.751,3.854.088.702
345,23.167.716.535.433.000,400.0,3.957.363.351,3.920.781.137,3.890.111.835,3.865.216.154,3.845.977.303,3.832.302.634,3.824.124.975,3.821.403.631
346,25.949.606.299.212.500,400.0,3.960.332.102,3.926.307.787,3.897.791.229,3.874.648.505,3.856.767.615,3.844.059.896,3.836.461.169,3.833.932.594
347,13.432.677.165.354.300,400.0,3.947.122.725,3.901.704.336,3.863.589.237,3.832.624.288,3.808.679.922,3.791.652.599,378.146.683,3.778.076.708
348,450.240.157.480.315,400.0,3.981.209.893,3.965.125.112,3.951.671.985,3.940.772.269,393.236.168,3.926.390.054,3.922.821.469,392.163.434
349,45.479.527.559.055.100,400.0,3.981.719.837,3.966.072.132,395.298.524,394.238.268,3.934.201.645,3.928.393.139,3.924.922.084,3.923.767.408
350,907.996.062.992.126,400.0,4.035.260.374,4.065.191.537,4.090.087.914,4.110.172.106,4.125.619.162,4.136.561.062,414.308.994,4.145.260.232
351,7.756.771.653.543.300,400.0,4.019.038.285,4.035.226.446,4.048.714.073,4.059.608.708,4.067.996.009,407.394.121,4.077.490.184,4.078.670.166
352,24.540.944.881.889.700,400.0,3.958.826.441,3.923.505.049,3.893.897.013,3.869.865.612,3.851.296.354,3.838.098.508,3.830.206.346,3.827.580.067
353,7.335.787.401.574.800,400.0,4.013.981.528,4.025.873.601,4.035.786.962,4.043.797.711,4.049.966.709,4.054.340.452,4.056.951.712,4.057.819.977
354,6.493.937.007.874.010,400.0,4.004.017.428,4.007.427.715,4.010.273.466,401.257.488,4.014.348.246,4.015.606.084,4.016.357.262,4.016.607.069
355,2.145.984.251.968.500,400.0,395.555.016,3.917.404.859,3.885.419.458,3.859.451.693,3.839.382.085,3.825.115.737,3.816.583.776,3.813.744.452
356,5.919.370.078.740.150,400.0,3.997.328.431,3.995.032.671,3.993.115.646,3.991.564.479,3.990.368.733,3.989.520.347,3.989.013.597,398.884.506
357,39.353.149.606.299.200,400.0,3.974.906.294,3.953.414.262,393.542.724,39.208.468,3.909.591.647,390.159.807,3.896.820.299,3.895.230.775
358,45.729.527.559.055.100,400.0,398.199.994,3.966.592.291,395.370.653,3.943.267.155,3.935.212.174,3.929.493.238,3.926.075.737,392.493.888
359,6.323.622.047.244.090,400.0,4.002.025.298,4.003.737.211,4.005.166.025,400.632.172,4.007.212.353,400.784.413,4.008.221.447,4.008.346.928
360,8.265.826.771.653.540,400.0,4.025.219.817,4.046.651.867,4.064.497.244,4.078.904.766,4.089.992.393,4.097.849.608,4.102.539.162,4.104.098.241
361,9.798.464.566.929.130,400.0,4.044.282.041,4.081.830.135,4.113.033.098,4.138.187.011,415.752.307,4.171.214.643,4.179.382.271,4.182.096.993
362,356.744.094.488.189,400.0,3.970.861.177,3.945.894.988,392.499.198,3.908.042.328,3.894.955.009,3.885.658.493,3.880.101.288,3.878.252.344
363,8.402.322.834.645.660,400.0,4.026.889.869,4.049.737.171,4.068.757.685,4.084.111.923,4.095.926.942,410.429.903,4.109.295.659,4.110.956.791
364,7.369.960.629.921.250,400.0,4.014.390.154,4.026.629.597,4.036.832.102,4.045.076.232,4.051.424.799,4.055.925.774,4.058.612.966,4.059.506.474
365,9.027.677.165.354.330,400.0,4.034.609.803,4.063.990.969,4.088.431.505,4.108.148.979,4.123.314.567,4.134.057.381,4.140.467.577,4.142.598.435
366,47.003.543.307.086.600,400.0,3.983.429.893,3.969.247.496,3.957.388.145,3.947.781.415,3.940.369.554,3.935.107.563,3.931.963.253,3.930.917.298
367,8.982.637.795.275.590,400.0,403.405.001,4.062.957.846,4.087.006.034,4.106.407.838,4.121.331.122,4.131.902.542,4.138.210.562,4.140.307.471
368,8.031.614.173.228.340,400.0,4.022.366.591,4.041.379.274,4.057.214.815,4.070.002.589,4.079.845.376,4.086.821.284,4.090.985.157,4.092.369.521
369,913.244.094.488.189,400.0,4.035.914.196,4.066.398.007,4.091.752.359,4.112.204.949,4.127.934.741,4.139.076.614,4.145.724.697,4.147.934.596
370,14.896.062.992.125.900,400.0,3.948.647.525,3.904.546.053,3.867.541.551,3.837.482.488,3.814.240.835,3.797.714.391,378.782.871,3.784.538.542
371,4.714.566.929.133.850,400.0,3.983.589.677,3.969.544.165,3.957.799.466,3.948.285.732,3.940.945.693,3.935.734.729,3.932.620.924,3.931.585.119
372,373.748.031.496.063,400.0,3.972.726.636,3.949.363.008,3.929.805.374,3.913.949.015,3.901.707.279,3.893.012.156,3.887.814.735,3.886.085.542
373,11.350.393.700.787.400,400.0,3.944.961.855,3.897.676.468,3.857.986.343,3.825.736.319,380.079.487,3.783.056.725,3.772.445.039,3.768.913.044
374,526.740.157.480.315,400.0,3.989.846.028,3.981.156.049,3.973.894.166,3.968.014.664,3.963.480.258,3.960.262.016,395.833.931,3.957.699.781
375,6.532.165.354.330.700,400.0,4.004.465.664,4.008.257.973,401.142.236,4.013.981.371,4.015.953.175,4.017.351.737,4.018.186.944,4.018.464.694
376,6.071.771.653.543.300,400.0,3.999.093.936,3.998.305.178,3.997.646.661,3.997.113.895,3.996.703.246,3.996.411.913,3.996.237.905,3.996.180.034
377,39.711.417.322.834.600,400.0,3.975.302.088,3.954.149.807,3.936.447.826,3.922.098.899,3.911.022.731,3.903.156.411,3.898.454.758,3.896.890.567
378,9.291.614.173.228.340,400.0,4.037.902.169,4.070.065.725,4.096.811.684,4.118.383.459,4.134.972.066,4.146.721.293,4.153.731.401,415.606.158
379,9.091.574.803.149.600,400.0,4.035.404.999,4.065.458.416,4.090.456.109,4.110.621.804,4.126.131.413,4.137.117.556,4.143.672.808,4.145.851.863
380,48.126.377.952.755.900,400.0,3.984.693.674,3.971.593.792,3.960.641.035,3.951.769.595,3.944.925.565,3.940.066.976,3.937.163.827,3.936.198.111
381,7.733.779.527.559.050,400.0,4.018.760.822,4.034.713.406,4.048.005.134,4.058.741.769,406.700.757,4.072.866.717,4.076.364.348,4.077.527.264
382,9.095.590.551.181.100,400.0,4.035.455.014,4.065.550.709,4.090.583.437,4.110.777.316,4.126.308.556,4.137.309.999,4.143.874.371,4.146.056.456
383,6.288.622.047.244.090,400.0,4.001.616.892,4.002.980.515,4.004.118.683,4.005.039.319,4.005.748.823,4.006.252.123,4.006.552.713,4.006.652.679
384,11.338.976.377.952.700,400.0,3.944.950.035,3.897.654.434,385.795.569,3.825.698.632,3.800.751.725,3.783.009.689,3.772.395.671,3.768.862.899
385,8.553.031.496.062.990,400.0,4.028.740.024,4.053.154.465,4.073.475.758,4.089.877.638,4.102.497.428,4.111.439.078,4.116.775.365,4.118.549.374
386,9.984.212.598.425.190,400.0,4.046.639.149,408.617.423,4.119.020.403,4.145.494.077,4.165.841.868,4.180.248.446,4.188.842.082,4.191.698.313
387,6.569.724.409.448.810,400.0,4.004.906.442,4.009.074.373,4.012.552.032,4.015.364.283,4.017.531.159,4.019.068.052,4.019.985.858,4.020.291.074
388,4.243.503.937.007.870,400.0,3.978.321.761,3.959.760.537,394.423.165,3.931.647.241,3.921.934.951,3.915.038.203,3.910.916.423,3.909.545.211
389,3.584.133.858.267.710,400.0,3.971.043.986,3.946.234.873,3.925.463.755,3.908.621.295,389.561.689,3.886.379.348,3.880.857.426,3.879.020.226
390,9.369.370.078.740.150,400.0,403.887.599,4.071.862.048,409.928.921,4.121.408.706,4.138.417.539,4.150.463.915,415.765.113,416.004.015
391,5.248.346.456.692.910,400.0,3.989.629.043,3.980.753.459,3.973.336.309,3.967.330.994,3.962.699.496,3.959.412.312,3.957.448.405,3.956.795.169
392,9.704.645.669.291.330,400.0,4.043.095.392,4.079.642.681,4.110.017.686,4.134.506.431,4.153.332.468,416.666.355,4.174.616.376,4.177.259.742
393,1.293.228.346.456.690,400.0,3.946.602.504,3.900.734.721,3.862.240.564,3.830.966.377,3.806.782.099,3.789.583.755,3.779.295.518,3.775.871.265
394,8.489.291.338.582.670,400.0,4.027.956.729,405.170.779,4.071.478.517,408.743.701,4.099.716.223,4.108.416.847,4.113.609.402,4.115.335.646
395,3.263.464.566.929.130,400.0,3.967.544.562,3.939.727.453,391.642.985,3.897.533.477,3.882.940.028,3.872.572.074,3.866.373.778,3.864.311.435
396,11.780.314.960.629.900,400.0,3.945.407.157,3.898.506.583,3.859.141.141,3.827.156.064,3.802.420.207,3.784.828.641,3.774.304.788,3.770.802.051
397,8.244.527.559.055.110,400.0,4.024.959.699,404.617.126,4.063.833.519,4.078.093.496,4.089.067.746,4.096.844.702,4.101.486.387,4.103.029.557
398,593.740.157.480.315,400.0,3.997.536.991,3.995.419.289,3.993.650.985,3.992.220.179,399.111.723,3.990.334.692,3.989.867.275,398.971.182
399,19.468.503.937.007.800,400.0,3.953.445.003,3.913.484.141,3.879.969.501,3.852.755.647,3.831.720.214,3.816.765.864,3.807.821.874,3.804.845.337
400,4.068.976.377.952.750,400.0,3.976.384.585,3.956.161.362,3.939.238.722,3.925.522.705,3.914.935.801,3.907.417.326,3.902.923.721,390.142.877
401,3.228.346.456.692.910,400.0,3.967.162.896,3.939.017.573,3.915.444.192,3.896.323.555,3.881.556.559,3.871.065.125,3.864.792.938,3.862.705.998
402,2.630.748.031.496.060,400.0,3.960.715.398,3.927.021.211,3.898.782.402,3.875.865.788,3.858.160.021,3.845.576.981,3.838.052.894,3.835.549.171
403,4.608.267.716.535.430,400.0,3.982.395.891,3.967.327.553,3.954.726.068,3.944.517.322,3.936.640.486,393.104.813,3.927.706.309,3.926.594.634
404,25.065.748.031.496.000,400.0,3.959.386.811,3.924.548.209,3.895.346.473,3.871.645.905,3.853.332.924,3.840.317.559,383.253.465,3.829.944.749
405,657.988.188.976.378,400.0,4.005.025.713,4.009.295.276,4.012.857.692,4.015.738.456,4.017.958.106,4.019.532.422,4.020.472.573,4.020.785.219
406,8.707.795.275.590.550,400.0,4.030.646.769,4.056.675.468,4.078.336.128,4.095.816.406,410.926.441,4.118.792.121,4.124.477.873,412.636.801
407,516.775.590.551.181,400.0,3.988.712.402,397.905.263,3.970.979.403,3.964.442.413,3.959.400.585,3.955.822.025,3.953.683.981,3.952.972.814
408,8.272.834.645.669.290,400.0,402.530.543,4.046.810.046,4.064.715.687,4.079.171.765,4.090.296.703,4.098.180.329,4.102.885.637,4.104.449.951
409,28.521.259.842.519.600,400.0,3.963.093.483,3.931.446.873,3.904.930.316,3.883.415.442,3.866.795.149,3.854.984.815,3.847.923.278,3.845.573.555
410,6.129.724.409.448.810,400.0,3.999.766.941,3.999.552.471,3.999.373.427,3.999.228.581,399.911.694,3.999.037.739,3.998.990.435,3.998.974.703
411,8.777.047.244.094.480,400.0,4.031.502.219,4.058.254.876,4.080.516.038,4.098.479.709,41.122.989,4.122.089.241,4.127.931.585,4.129.873.758
412,6.523.228.346.456.690,400.0,400.436.084,4.008.063.813,401.115.369,4.013.652.466,4.015.577.869,4.016.943.526,4.017.759.085,4.018.030.301
413,556.251.968.503.937,400.0,3.993.218.921,398.741.278,3.982.562.464,3.978.636.523,3.975.609.375,3.973.461.214,3.972.177.942,3.971.751.121
414,510.492.125.984.252,400.0,398.799.891,3.977.728.621,3.969.144.532,3.962.193.493,3.956.832.083,3.953.026.571,3.950.752.885,3.949.996.592
415,9.345.629.921.259.840,400.0,4.038.578.479,4.071.313.277,4.098.532.359,4.120.484.557,4.137.365.039,4.149.320.659,4.156.453.782,4.158.824.832
416,43.563.779.527.559.000,400.0,3.979.578.794,3.962.095.629,3.947.470.519,3.935.619.714,392.647.431,3.919.980.478,3.916.099.642,3.914.808.609
417,9.634.763.779.527.550,400.0,40.422.132,4.078.016.247,4.107.775.413,4.131.769.325,4.150.215.899,4.163.278.749,4.171.071.737,4.173.662.006
418,752.007.874.015.748,400.0,4.016.189.065,4.029.957.303,4.041.432.059,40.507.029,4.057.841.335,4.062.901.916,4.065.923.055,4.066.927.578
419,519.751.968.503.937,400.0,3.989.050.737,3.979.680.431,3.971.849.395,3.965.508.682,396.061.834,3.957.147.353,39.550.736,3.954.383.821
420,21.726.377.952.755.900,400.0,3.955.832.662,3.917.930.937,3.886.150.654,3.860.349.996,3.840.409.892,3.826.235.784,3.817.759.061,381.493.813
421,725.767.716.535.433,400.0,4.013.048.749,4.024.147.736,4.033.400.857,4.040.878.639,4.046.637.527,4.050.720.672,4.053.158.499,4.053.969.107
422,9.127.755.905.511.810,400.0,4.035.855.795,4.066.290.247,4.091.603.697,4.112.023.387,412.772.793,4.138.851.945,4.145.489.384,4.147.695.745
423,11.153.937.007.874.000,400.0,3.944.758.515,38.972.974,3.857.458.995,3.825.087.966,3.800.052.617,3.782.247.522,3.771.595.719,3.768.050.359
424,1.922.755.905.511.810,400.0,395.319.094,3.913.010.909,3.879.311.623,3.851.947.283,3.830.795.195,3.815.757.736,3.806.763.971,3.803.770.857
425,2.917.992.125.984.250,400.0,3.963.803.378,3.932.767.788,3.906.765.019,3.885.668.217,3.869.371.605,3.857.791.655,3.850.868.014,3.848.564.201
426,3.723.582.677.165.350,400.0,3.972.573.892,3.949.079.074,3.929.411.321,3.913.465.489,3.901.154.559,3.892.410.228,3.887.183.369,3.885.444.379
427,1.181.771.653.543.300,400.0,3.945.445.917,3.898.578.837,3.859.241.654,3.827.279.635,3.802.561.671,3.784.982.861,3.774.466.652,3.770.966.461
428,6.532.204.724.409.440,400.0,4.004.466.126,4.008.258.828,4.011.423.544,401.398.282,4.015.954.828,4.017.353.535,4.018.188.829,4.018.466.607
429,35.751.574.803.149.600,400.0,3.970.945.674,3.946.052.089,3.925.210.044,3.908.309.939,3.895.260.946,388.599.169,3.880.450.794,3.878.607.278
430,5.691.377.952.755.900,400.0,3.994.698.921,3.990.157.425,3.986.364.133,3.983.294.133,3.980.927.183,397.924.763,3.978.244.339,3.977.910.647
431,8.051.653.543.307.080,400.0,4.022.610.104,4.041.829.342,4.057.836.521,4.070.762.649,4.080.711.783,4.087.762.989,4.091.971.778,4.093.371.072
432,874.744.094.488.189,400.0,4.031.136.331,4.057.579.361,407.958.371,409.734.066,4.111.001.118,4.120.679.151,4.126.454.533,4.128.374.454
433,3.280.708.661.417.320,400.0,3.967.732.085,3.940.076.227,3.916.914.105,3.898.127.901,3.883.619.704,3.873.312.405,3.867.150.405,3.865.100.145
434,15.874.409.448.818.800,400.0,394.966.979,3.906.450.972,3.870.190.665,3.840.738.505,3.817.967.563,3.801.776.595,3.792.091.888,3.788.868.659
435,17.324.015.748.031.400,400.0,3.951.188.697,3.909.280.994,387.412.587,3.845.574.827,382.350.268,3.807.809.682,3.798.423.273,3.795.299.394
436,6.246.141.732.283.460,400.0,4.001.121.647,4.002.062.876,4.002.848.527,4.003.484.045,4.003.973.833,4.004.321.281,4.004.528.793,4.004.597.805
437,9.453.385.826.771.650,400.0,4.039.930.207,4.073.806.423,4.101.970.665,4.124.682.717,414.214.612,4.154.513.904,4.161.892.675,4.164.345.335
438,8.103.031.496.062.990,400.0,4.023.234.955,4.042.984.153,4.059.431.664,4.072.712.709,4.082.934.639,409.017.899,4.094.502.992,4.095.940.578
439,9.120.236.220.472.440,400.0,4.035.762.073,4.066.117.309,4.091.365.117,4.111.732.007,4.127.396.028,4.138.491.384,4.145.111.738,4.147.312.423
440,12.612.992.125.984.200,400.0,3.946.270.873,3.900.116.584,3.861.380.743,3.829.909.377,3.805.572.117,3.788.264.715,3.777.911.134,3.774.465.114
441,265.248.031.496.063,400.0,3.960.948.313,3.927.454.719,3.899.384.667,3.876.605.426,3.859.006.053,3.846.498.757,3.839.020.015,3.836.531.389
442,3.581.771.653.543.300,400.0,3.971.018.112,3.946.186.768,3.925.396.984,3.908.539.354,3.895.523.214,3.886.277.327,3.880.750.411,3.878.911.549
443,4.418.307.086.614.170,400.0,3.980.269.874,3.963.379.256,3.949.250.806,393.780.308,3.928.969.115,3.922.696.621,3.918.948.137,3.917.701.145
444,1.958.503.937.007.870,400.0,3.953.567.934,3.913.713.115,3.880.287.811,3.853.146.762,3.832.167.767,3.817.253.624,3.808.333.714,3.805.365.197
445,7.040.314.960.629.920,400.0,4.010.461.992,4.019.360.608,4.026.781.266,4.032.779.407,4.037.399.496,4.040.675.581,4.042.631.696,4.043.282.152
446,4.368.307.086.614.170,400.0,3.979.711.837,3.962.342.752,3.947.813.268,3.936.040.074,3.926.954.639,3.920.503.427,3.916.648.077,3.915.365.525
447,9.505.314.960.629.920,400.0,4.040.582.844,4.075.010.005,4.103.630.366,4.126.709.054,4.144.453.688,4.157.020.305,4.164.517.574,4.167.009.601
448,35.808.661.417.322.800,400.0,3.971.008.194,3.946.168.329,392.537.139,3.908.507.944,3.895.487.307,3.886.238.219,388.070.939,387.886.989
449,8.393.740.157.480.310,400.0,4.026.784.701,4.049.542.899,4.068.489.439,4.083.784.089,4.095.553.329,4.103.893.016,4.108.870.321,4.110.525.031
450,2.515.944.881.889.760,400.0,3.959.486.933,3.924.734.586,3.895.605.435,3.871.963.966,3.853.696.764,3.840.713.994,38.329.506,3.830.367.197
451,4.640.433.070.866.140,400.0,3.982.756.811,3.967.997.737,3.955.655.333,3.945.656.764,3.937.942.269,3.932.465.258,3.929.192.399,3.928.103.671
452,373.251.968.503.937,400.0,397.267.211,394.926.165,3.929.664.707,391.377.641,3.901.509.974,3.892.797.285,3.887.589.356,3.885.856.666
453,10.421.653.543.307.000,400.0,3.944.001.383,3.895.885.875,3.855.495.246,382.267.354,3.797.288.442,3.779.233.972,3.768.432.731,376.483.759
454,6.693.503.937.007.870,400.0,4.006.361.808,4.011.769.671,4.016.281.241,4.019.929.152,4.022.739.666,4.024.732.944,4.025.923.247,4.026.319.073
455,6.776.023.622.047.240,400.0,4.007.334.391,4.013.570.611,4.018.772.729,4.022.978.669,4.026.218.922,4.028.516.883,4.029.889.092,4.030.345.404
456,4.624.330.708.661.410,400.0,3.982.576.096,3.967.662.176,3.955.190.054,3.945.086.253,3.937.290.479,3.931.755.718,3.928.448.332,3.927.348.116
457,6.894.921.259.842.510,400.0,4.008.739.026,401.617.122,4.022.370.104,402.738.137,4.031.241.719,4.033.979.279,4.035.613.926,4.036.157.498
458,2.989.763.779.527.550,400.0,3.964.578.151,3.934.209.312,3.908.767.114,3.888.126.395,3.872.182.864,3.860.854.205,3.854.080.968,3.851.827.228
459,15.581.102.362.204.700,400.0,3.949.363.075,3.905.879.451,3.869.395.891,3.839.761.675,3.816.849.538,3.800.557.943,3.790.812.955,3.787.569.648
460,8.179.291.338.582.670,400.0,4.024.163.802,4.044.700.628,4.061.802.456,407.561.083,4.086.238.037,4.093.769.314,4.098.264.462,4.099.758.931
461,15.684.251.968.503.900,400.0,3.949.470.917,3.906.080.401,386.967.534,3.840.105.138,3.817.242.649,3.800.986.437,3.791.262.646,3.788.026.399
462,6.649.803.149.606.290,400.0,4.005.847.506,401.081.725,4.014.963.532,4.018.316.221,4.020.899.364,4.022.731.426,4.023.825.473,4.024.189.293
463,8.669.370.078.740.150,400.0,4.030.172.712,4.055.800.149,4.077.127.928,4.094.340.216,4.107.582.419,411.696.451,4.122.563.433,4.124.424.717
464,568.771.653.543.307,400.0,3.994.656.807,3.990.079.331,398.625.597,3.983.161.624,3.980.775.898,3.979.083.018,3.978.071.765,3.977.735.425
465,2.897.322.834.645.660,400.0,3.963.580.491,3.932.353.069,3.906.189.002,3.884.960.956,3.868.562.735,3.856.910.465,3.849.943.537,3.847.625.313
466,6.246.889.763.779.520,400.0,4.001.130.364,4.002.079.027,4.002.870.883,400.351.142,4.004.005.076,4.004.355.267,4.004.564.418,4.004.633.975
467,3.008.779.527.559.050,400.0,3.964.783.641,3.934.591.621,390.929.807,3.888.778.283,3.872.928.366,386.166.633,3.854.932.968,3.852.692.502
468,666.984.251.968.504,400.0,4.006.083.278,4.011.253.878,401.556.763,401.905.567,4.021.743.058,4.023.649.035,4.024.787.214,4.025.165.708
469,9.479.370.078.740.150,400.0,4.040.256.674,40.744.085,4.102.800.923,4.125.696.395,4.143.300.494,4.155.767.753,4.163.205.809,4.165.678.165
470,35.826.771.653.543.300,400.0,397.102.803,3.946.205.208,3.925.422.579,3.908.570.764,3.895.559.123,3.886.316.434,3.880.791.433,3.878.953.208
471,874.976.377.952.756,400.0,4.031.165.028,4.057.632.345,4.079.656.837,4.097.430.003,4.111.102.912,4.120.789.755,412.657.039,4.128.492.057
472,9.991.811.023.622.040,400.0,404.673.579,408.635.231,4.119.265.815,4.145.793.556,416.618.279,4.180.618.653,4.189.229.736,4.192.091.763
473,5.613.346.456.692.910,400.0,3.993.802.161,3.988.494.448,398.406.077,3.980.472.231,397.770.534,3.975.741.917,3.974.569.023,3.974.178.918
474,5.831.496.062.992.120,400.0,3.996.313.296,3.993.150.734,3.990.509.631,3.988.372.401,3.986.724.774,3.985.555.726,398.485.742,3.984.625.171
475,5.663.779.527.559.050,400.0,3.994.381.566,3.989.568.932,3.985.549.043,3.982.295.569,3.979.787.114,3.978.007.126,3.976.943.829,3.976.590.178
476,8.051.692.913.385.820,400.0,4.022.610.582,4.041.830.227,4.057.837.743,4.070.764.143,4.080.713.485,4.087.764.839,4.091.973.717,409.337.304
477,4.362.244.094.488.180,400.0,3.979.644.213,3.962.217.143,3.947.639.055,3.935.826.413,3.926.710.497,3.920.237.623,3.916.369.319,3.915.082.456
478,31.393.700.787.401.500,400.0,3.966.197.282,3.937.221.447,3.912.950.147,3.893.261.901,3.878.055.623,3.867.251.618,3.860.792.377,3.858.643.168
479,8.755.748.031.496.060,400.0,4.031.238.968,4.057.768.856,407.984.525,4.097.660.193,4.111.365.183,4.121.074.723,4.126.868.891,4.128.795.055
480,38.843.700.787.401.500,400.0,397.434.405,395.236.933,3.933.977.308,3.919.067.901,3.907.558.405,3.899.383.981,3.894.498.036,3.892.872.511
481,17.115.748.031.496.000,400.0,3.950.970.162,3.908.873.846,3.873.559.753,3.844.879.107,3.822.706.464,3.806.941.856,3.797.512.552,3.794.374.386
482,5.491.220.472.440.940,400.0,3.992.401.921,3.985.897.463,398.046.334,3.976.064.565,3.972.672.662,3.970.265.573,3.968.827.588,3.968.349.303
483,3.324.488.188.976.370,400.0,3.968.208.507,3.940.962.292,3.918.144.327,3.899.637.964,3.885.346.307,3.875.193.068,3.869.123.257,3.867.103.684
484,7.897.992.125.984.250,400.0,4.020.745.773,4.038.383.281,4.053.075.895,4.064.942.245,4.074.076.693,4.080.551.025,4.084.415.682,4.085.700.594
485,21.086.614.173.228.300,400.0,3.955.154.864,391.666.871,3.884.396.257,3.858.194.619,3.837.943.761,3.823.548.308,3.814.939.035,3.812.073.964
486,3.594.606.299.212.590,400.0,3.971.158.708,3.946.448.167,3.925.759.811,3.908.984.614,3.896.032.237,3.886.831.701,3.881.331.918,3.879.502.087
487,6.724.488.188.976.370,400.0,4.006.726.771,40.124.455,4.017.216.235,4.021.073.587,4.024.045.398,4.026.153.038,4.027.411.619,4.027.830.149
488,8.515.236.220.472.440,400.0,4.028.275.422,4.052.296.403,4.072.291.158,4.088.430.075,410.084.788,4.109.646.587,4.114.897.634,4.116.643.315
489,4.911.181.102.362.200,400.0,3.985.805.525,3.973.657.747,3.963.502.176,3.955.277.168,3.948.932.276,394.442.825,3.941.737.049,3.940.841.851
490,16.876.771.653.543.300,400.0,3.950.719.532,3.908.406.894,3.872.910.469,3.844.081.167,3.821.793.251,38.059.465,3.796.467.993,379.331.344
491,13.311.417.322.834.600,400.0,3.946.996.606,3.901.469.273,3.863.262.284,3.832.222.373,3.808.219.852,3.791.151.074,3.780.940.468,3.777.542.073
492,38.108.661.417.322.800,400.0,3.973.534.005,3.950.863.747,3.931.888.057,3.916.504.503,3.904.628.387,3.896.193.267,3.891.151.381,3.889.473.955
493,800.244.094.488.189,400.0,4.022.012.291,404.072.442,40.563.102,4.068.896.637,407.858.466,4.085.450.985,4.089.549.487,4.090.912.125
494,3.701.299.212.598.420,400.0,3.972.329.087,3.948.623.995,3.928.779.737,3.912.690.487,3.900.268.642,3.891.445.431,3.886.171.384,3.884.416.688
495,12.321.259.842.519.600,400.0,3.945.968.079,3.899.552.178,3.860.595.642,382.894.421,380.446.724,378.706.024,3.776.646.979,3.773.181.081
496,4.567.047.244.094.480,400.0,3.981.933.759,3.966.469.393,3.953.536.113,3.943.058.184,3.934.973.422,3.929.233.325,3.925.803.171,3.924.662.105
497,7.145.275.590.551.180,400.0,4.011.709.454,4.021.669.382,402.997.402,4.036.686.015,4.041.855.564,404.552.107,4.047.709.629,4.048.437.365
498,2.904.606.299.212.590,400.0,396.365.902,3.932.499.187,3.906.391.951,3.885.210.147,3.868.847.728,385.722.094,3.850.269.264,3.847.956.118
499,3.370.196.850.393.700,400.0,3.968.706.437,394.188.831,3.919.429.965,3.901.215.995,3.887.150.575,3.877.158.289,3.871.184.788,3.869.197.275